Métrica,Valor
unique_users,1996.0
total_core_posts,8509.0
avg_votes_per_event,6.908097308731931
avg_votes_per_user,6.894269484968416
top1_post_pct,6.969091550123399
top1_vote_pct,6.432350589476191
