core_rows,avg_votes_per_row,avg_votes_per_user,quarantine_percent,top_1_percent_post_share
8161,6.902830535473594,6.881592217877755,5.215212935549989,5.722337948780787
