Métrica,Valor
unique_users,1994.0
total_core_posts,8507.0
avg_votes_per_event,6.908663453626425
avg_votes_per_user,6.896670958875104
top1_post_pct,6.970729987069473
top1_vote_pct,6.4333356019873404
